1,Ana,20,PR
2,Bob,31,NY
3,Carla,25,LA
4,David,42,TX
5,Elena,28,FL
6,Frank,35,CA
7,Grace,19,WA
8,Hector,52,OH
9,Irene,44,PR
10,Jorge,23,NY
11,Karen,37,LA
12,Luis,29,TX
13,Monica,26,FL
14,Nathan,48,CA
15,Olivia,21,WA
16,Pedro,33,OH
17,Quinn,40,PR
18,Rosa,27,NY
19,Steve,55,LA
20,Tara,24,TX
21,Ulises,36,FL
22,Vera,22,CA
23,Walter,61,WA
24,Ximena,30,OH
25,Yusuf,45,PR
26,Zoe,18,NY
27,Alberto,50,LA
28,Bianca,32,TX
29,Carlos,39,FL
30,Diana,26,CA
31,Enrique,58,WA
32,Fatima,23,OH
33,Gabriel,41,PR
34,Helena,28,NY
35,Ivan,34,LA
36,Julia,21,TX
37,Kevin,47,FL
38,Laura,25,CA
39,Miguel,53,WA
40,Nora,20,OH
41,Oscar,62,PR
42,Paola,29,NY
43,Quentin,38,LA
44,Raquel,31,TX
45,Simon,43,FL
46,Teresa,27,CA
47,Umberto,56,WA
48,Vicky,24,OH
49,William,49,PR
50,Xenia,22,NY
51,Yolanda,35,LA
52,Zachary,30,TX
53,Amelia,26,FL
54,Bruno,44,CA
55,Carmen,52,WA
56,Daniel,19,OH
57,Esther,37,PR
58,Felipe,28,NY
59,Gloria,46,LA
60,Hugo,23,TX
61,Isabel,33,FL
62,Juan,40,CA
63,Karla,25,WA
64,Leonardo,57,OH
65,Marcela,21,PR
66,Nicolas,36,NY
67,Ofelia,29,LA
68,Pablo,48,TX
69,Rebeca,32,FL
70,Samuel,42,CA
71,Tatiana,27,WA
72,Ubaldo,54,OH
73,Valeria,20,PR
74,Wendy,38,NY
75,Xavier,31,LA
76,Yareli,24,TX
77,Zenaida,45,FL
78,Adrian,26,CA
79,Belen,39,WA
80,Ciro,53,OH
81,Delia,22,PR
82,Emilio,47,NY
83,Fabiola,34,LA
84,Gustavo,28,TX
85,Hilda,41,FL
86,Ignacio,59,CA
87,Jasmin,23,WA
88,Keith,37,OH
89,Lucia,30,PR
90,Mateo,43,NY
91,Nadia,25,LA
92,Octavio,51,TX
93,Paloma,21,FL
94,Ramon,35,CA
95,Sofia,27,WA
96,Tomas,49,OH
97,Ursula,32,PR
98,Vicente,44,NY
99,Wanda,29,LA
100,Zacarias,38,TX
