1,Cleo Craig,53,SEO
2,Greta,72,CAL
3,Mara Gomez,69,ROM
4,Emma Vito,57,DEL
5,Liam Egan,46,FLN
6,Jonas Dahl,52,DEL
7,Cara Ulmer,43,MAD
8,Nadia Vito,28,CAL
9,Hana,22,PRG
10,Cara Hale,74,TXS
11,Milan Berg,67,MAD
12,Ugo Perez,55,SEO
13,Mara Rossi,32,LIM
14,Alice,60,NYC
15,Dario Vito,35,OSL
16,Femi,63,FLN
17,Ugo Zeman,32,ROM
18,Samir Berg,22,CAL
19,Gina Novak,24,SEO
20,Elena,79,PRG
21,Alice Hale,31,CAI
22,Dan Quist,42,AKL
23,Zoe Otte,22,CAL
24,Mara Zeman,61,FLN
25,Vera Dahl,37,HAM
26,Alice Otte,66,CAI
27,Hugo Falk,33,AKL
28,Gina Berg,21,MAD
29,Julia,30,MAD
30,Greta Hale,64,DEL
31,Iris Otte,59,OSL
32,Hugo Novak,44,TXS
33,Alice Jung,73,DEL
34,Lena Klein,74,PRG
35,Noah Gomez,43,SEO
36,Milan Vito,54,NYC
37,Cara Falk,31,MAD
38,Quinn Berg,67,CAL
39,Vera Brand,36,OSL
40,Elena Dahl,23,TXS
41,Lena Vito,33,PRG
42,Xena,57,MAD
43,Iris Tan,48,SEO
44,Kofi Falk,73,OSL
45,Liam Vito,27,FLN
46,Olga Brand,57,TXS
47,Mara Gomez,65,LIM
48,Julia Hale,61,OSL
49,Emma Ulmer,23,OSL
50,Dan Egan,24,PRG
51,Greta Jung,33,AKL
52,Zoe Jung,44,SEO
53,Samir,51,LIS
54,Elena Falk,32,MAD
55,Julia Vito,72,CAL
56,Nadia Dahl,35,TXS
57,Bob,22,FLN
58,Anja Perez,33,PRG
59,Cara Gomez,36,HAM
60,Hana Tan,26,NYC
61,Xena Falk,75,MAD
62,Vera Weiss,64,AKL
63,Hana Tan,78,LIS
64,Lena Costa,77,PRG
65,Walt,62,FLN
66,Cara Berg,56,LIM
67,Elena,64,FLN
68,Ugo Falk,22,NYC
69,Cleo Soto,41,AKL
70,Iris,68,CAI
71,Vera Meyer,23,LIM
72,Elena,73,SEO
73,Anja Adler,19,SEO
74,Farid Tan,18,CAL
75,Lena,18,CAL
76,Elena Dahl,23,LIM
77,Hugo Jung,74,OSL
78,Vera Novak,77,AKL
79,Lena Perez,46,MAD
80,Ivan Dahl,51,DEL
81,Greta Berg,37,CAL
82,Femi Quist,19,TXS
83,Hugo Quist,67,CAL
84,Farid Jung,75,PRG
85,Xena Klein,27,LIM
86,Nadia Hale,51,LIS
87,Vera Weiss,77,MAD
88,Pablo,38,OSL
89,Quinn Hale,58,OSL
90,Noah,42,TXS
91,Ugo,31,LIS
92,Iris Quist,40,SEO
93,Cara Xu,22,FLN
94,Kara Egan,46,MAD
95,Noah,71,OSL
96,Yusuf Vito,51,MAD
97,Ugo Xu,71,SEO
98,Ugo,22,SEO
99,Cara Jung,73,CAL
100,Cara Weiss,63,FLN
